output/samsung_superbig/output/image_vectors/massivetv256.jpg.npy,9
output/samsung_superbig/output/image_vectors/gianttv9.jpg.npy,1
output/samsung_superbig/output/image_vectors/massivetv94.jpg.npy,5
output/samsung_superbig/output/image_vectors/massivetv217.jpg.npy,17
output/samsung_superbig/output/image_vectors/massivetv199.jpg.npy,17
output/samsung_superbig/output/image_vectors/75inchtv132.jpg.npy,10
output/samsung_superbig/output/image_vectors/75inchtv117.jpg.npy,17
output/samsung_superbig/output/image_vectors/75inchtv199.jpg.npy,15
output/samsung_superbig/output/image_vectors/hugetv174.jpg.npy,1
output/samsung_superbig/output/image_vectors/gianttv129.jpg.npy,15
output/samsung_superbig/output/image_vectors/massivetv32.jpg.npy,7
output/samsung_superbig/output/image_vectors/75inchtv221.jpg.npy,7
output/samsung_superbig/output/image_vectors/75inchtv145.jpg.npy,5
output/samsung_superbig/output/image_vectors/gianttv44.jpg.npy,12
output/samsung_superbig/output/image_vectors/75inchtv91.jpg.npy,6
output/samsung_superbig/output/image_vectors/gianttv130.jpg.npy,18
output/samsung_superbig/output/image_vectors/gianttv60.jpg.npy,1
output/samsung_superbig/output/image_vectors/hugetv236.jpg.npy,17
output/samsung_superbig/output/image_vectors/75inchtv146.jpg.npy,14
output/samsung_superbig/output/image_vectors/hugetv104.jpg.npy,7
output/samsung_superbig/output/image_vectors/hugetv204.jpg.npy,1
output/samsung_superbig/output/image_vectors/75inchtv68.jpg.npy,3
output/samsung_superbig/output/image_vectors/massivetv204.jpg.npy,12
output/samsung_superbig/output/image_vectors/massivetv178.jpg.npy,2
output/samsung_superbig/output/image_vectors/85inchtv51.jpg.npy,2
output/samsung_superbig/output/image_vectors/hugetv56.jpg.npy,5
output/samsung_superbig/output/image_vectors/massivetv18.jpg.npy,15
output/samsung_superbig/output/image_vectors/75inchtv125.jpg.npy,13
output/samsung_superbig/output/image_vectors/massivetv135.jpg.npy,7
output/samsung_superbig/output/image_vectors/gianttv222.jpg.npy,9
output/samsung_superbig/output/image_vectors/massivetv54.jpg.npy,18
output/samsung_superbig/output/image_vectors/75inchtv101.jpg.npy,8
output/samsung_superbig/output/image_vectors/hugetv255.jpg.npy,18
output/samsung_superbig/output/image_vectors/massivetv136.jpg.npy,10
output/samsung_superbig/output/image_vectors/hugetv163.jpg.npy,7
output/samsung_superbig/output/image_vectors/gianttv187.jpg.npy,9
output/samsung_superbig/output/image_vectors/85inchtv67.jpg.npy,10
output/samsung_superbig/output/image_vectors/hugetv168.jpg.npy,17
output/samsung_superbig/output/image_vectors/hugetv93.jpg.npy,15
output/samsung_superbig/output/image_vectors/massivetv101.jpg.npy,16
output/samsung_superbig/output/image_vectors/massivetv107.jpg.npy,6
output/samsung_superbig/output/image_vectors/massivetv144.jpg.npy,7
output/samsung_superbig/output/image_vectors/hugetv231.jpg.npy,17
output/samsung_superbig/output/image_vectors/hugetv158.jpg.npy,17
output/samsung_superbig/output/image_vectors/hugetv79.jpg.npy,12
output/samsung_superbig/output/image_vectors/75inchtv130.jpg.npy,12
output/samsung_superbig/output/image_vectors/75inchtv148.jpg.npy,18
output/samsung_superbig/output/image_vectors/gianttv195.jpg.npy,13
output/samsung_superbig/output/image_vectors/75inchtv175.jpg.npy,6
output/samsung_superbig/output/image_vectors/85inchtv78.jpg.npy,1
output/samsung_superbig/output/image_vectors/gianttv46.jpg.npy,1
output/samsung_superbig/output/image_vectors/massivetv148.jpg.npy,0
output/samsung_superbig/output/image_vectors/massivetv243.jpg.npy,18
output/samsung_superbig/output/image_vectors/massivetv172.jpg.npy,9
output/samsung_superbig/output/image_vectors/massivetv127.jpg.npy,15
output/samsung_superbig/output/image_vectors/hugetv205.jpg.npy,1
output/samsung_superbig/output/image_vectors/massivetv39.jpg.npy,1
output/samsung_superbig/output/image_vectors/massivetv59.jpg.npy,13
output/samsung_superbig/output/image_vectors/85inchtv0.jpg.npy,8
output/samsung_superbig/output/image_vectors/massivetv134.jpg.npy,17
output/samsung_superbig/output/image_vectors/85inchtv20.jpg.npy,5
output/samsung_superbig/output/image_vectors/massivetv35.jpg.npy,10
output/samsung_superbig/output/image_vectors/gianttv167.jpg.npy,1
output/samsung_superbig/output/image_vectors/gianttv153.jpg.npy,4
output/samsung_superbig/output/image_vectors/75inchtv81.jpg.npy,13
output/samsung_superbig/output/image_vectors/75inchtv88.jpg.npy,1
output/samsung_superbig/output/image_vectors/75inchtv163.jpg.npy,2
output/samsung_superbig/output/image_vectors/75inchtv119.jpg.npy,18
output/samsung_superbig/output/image_vectors/hugetv111.jpg.npy,9
output/samsung_superbig/output/image_vectors/75inchtv9.jpg.npy,5
output/samsung_superbig/output/image_vectors/gianttv57.jpg.npy,8
output/samsung_superbig/output/image_vectors/85inchtv12.jpg.npy,2
output/samsung_superbig/output/image_vectors/gianttv125.jpg.npy,19
output/samsung_superbig/output/image_vectors/85inchtv5.jpg.npy,10
output/samsung_superbig/output/image_vectors/85inchtv39.jpg.npy,4
output/samsung_superbig/output/image_vectors/gianttv156.jpg.npy,13
output/samsung_superbig/output/image_vectors/gianttv49.jpg.npy,1
output/samsung_superbig/output/image_vectors/hugetv17.jpg.npy,16
output/samsung_superbig/output/image_vectors/gianttv201.jpg.npy,6
output/samsung_superbig/output/image_vectors/75inchtv131.jpg.npy,13
output/samsung_superbig/output/image_vectors/85inchtv26.jpg.npy,8
output/samsung_superbig/output/image_vectors/gianttv144.jpg.npy,4
output/samsung_superbig/output/image_vectors/hugetv42.jpg.npy,17
output/samsung_superbig/output/image_vectors/hugetv0.jpg.npy,5
output/samsung_superbig/output/image_vectors/hugetv188.jpg.npy,12
output/samsung_superbig/output/image_vectors/hugetv11.jpg.npy,8
output/samsung_superbig/output/image_vectors/massivetv154.jpg.npy,6
output/samsung_superbig/output/image_vectors/gianttv72.jpg.npy,1
output/samsung_superbig/output/image_vectors/massivetv82.jpg.npy,9
output/samsung_superbig/output/image_vectors/hugetv252.jpg.npy,4
output/samsung_superbig/output/image_vectors/massivetv105.jpg.npy,1
output/samsung_superbig/output/image_vectors/hugetv33.jpg.npy,8
output/samsung_superbig/output/image_vectors/gianttv247.jpg.npy,8
output/samsung_superbig/output/image_vectors/massivetv78.jpg.npy,7
output/samsung_superbig/output/image_vectors/hugetv232.jpg.npy,13
output/samsung_superbig/output/image_vectors/gianttv147.jpg.npy,4
output/samsung_superbig/output/image_vectors/hugetv215.jpg.npy,17
output/samsung_superbig/output/image_vectors/massivetv52.jpg.npy,14
output/samsung_superbig/output/image_vectors/massivetv150.jpg.npy,13
output/samsung_superbig/output/image_vectors/gianttv155.jpg.npy,7
output/samsung_superbig/output/image_vectors/gianttv134.jpg.npy,9
output/samsung_superbig/output/image_vectors/massivetv220.jpg.npy,1
output/samsung_superbig/output/image_vectors/75inchtv220.jpg.npy,5
output/samsung_superbig/output/image_vectors/hugetv95.jpg.npy,15
output/samsung_superbig/output/image_vectors/75inchtv235.jpg.npy,2
output/samsung_superbig/output/image_vectors/gianttv101.jpg.npy,7
output/samsung_superbig/output/image_vectors/gianttv225.jpg.npy,2
output/samsung_superbig/output/image_vectors/massivetv174.jpg.npy,1
output/samsung_superbig/output/image_vectors/gianttv234.jpg.npy,19
output/samsung_superbig/output/image_vectors/85inchtv22.jpg.npy,5
output/samsung_superbig/output/image_vectors/gianttv204.jpg.npy,15
output/samsung_superbig/output/image_vectors/hugetv240.jpg.npy,9
output/samsung_superbig/output/image_vectors/gianttv65.jpg.npy,14
output/samsung_superbig/output/image_vectors/massivetv137.jpg.npy,1
output/samsung_superbig/output/image_vectors/massivetv184.jpg.npy,5
output/samsung_superbig/output/image_vectors/85inchtv35.jpg.npy,10
output/samsung_superbig/output/image_vectors/hugetv34.jpg.npy,4
output/samsung_superbig/output/image_vectors/massivetv95.jpg.npy,1
output/samsung_superbig/output/image_vectors/gianttv212.jpg.npy,18
output/samsung_superbig/output/image_vectors/hugetv29.jpg.npy,1
output/samsung_superbig/output/image_vectors/hugetv214.jpg.npy,5
output/samsung_superbig/output/image_vectors/gianttv230.jpg.npy,13
output/samsung_superbig/output/image_vectors/massivetv230.jpg.npy,12
output/samsung_superbig/output/image_vectors/massivetv158.jpg.npy,7
output/samsung_superbig/output/image_vectors/massivetv237.jpg.npy,0
output/samsung_superbig/output/image_vectors/75inchtv177.jpg.npy,10
output/samsung_superbig/output/image_vectors/75inchtv227.jpg.npy,8
output/samsung_superbig/output/image_vectors/85inchtv25.jpg.npy,10
output/samsung_superbig/output/image_vectors/gianttv158.jpg.npy,3
output/samsung_superbig/output/image_vectors/massivetv193.jpg.npy,18
output/samsung_superbig/output/image_vectors/massivetv143.jpg.npy,14
output/samsung_superbig/output/image_vectors/massivetv169.jpg.npy,7
output/samsung_superbig/output/image_vectors/85inchtv34.jpg.npy,13
output/samsung_superbig/output/image_vectors/massivetv222.jpg.npy,18
output/samsung_superbig/output/image_vectors/hugetv239.jpg.npy,2
output/samsung_superbig/output/image_vectors/75inchtv225.jpg.npy,17
output/samsung_superbig/output/image_vectors/75inchtv158.jpg.npy,6
output/samsung_superbig/output/image_vectors/gianttv122.jpg.npy,2
output/samsung_superbig/output/image_vectors/hugetv235.jpg.npy,7
output/samsung_superbig/output/image_vectors/massivetv34.jpg.npy,1
output/samsung_superbig/output/image_vectors/hugetv170.jpg.npy,1
output/samsung_superbig/output/image_vectors/gianttv226.jpg.npy,15
output/samsung_superbig/output/image_vectors/75inchtv13.jpg.npy,17
output/samsung_superbig/output/image_vectors/gianttv40.jpg.npy,12
output/samsung_superbig/output/image_vectors/massivetv201.jpg.npy,4
output/samsung_superbig/output/image_vectors/85inchtv68.jpg.npy,7
output/samsung_superbig/output/image_vectors/hugetv226.jpg.npy,2
output/samsung_superbig/output/image_vectors/85inchtv52.jpg.npy,13
output/samsung_superbig/output/image_vectors/75inchtv234.jpg.npy,18
output/samsung_superbig/output/image_vectors/75inchtv250.jpg.npy,6
output/samsung_superbig/output/image_vectors/hugetv107.jpg.npy,2
output/samsung_superbig/output/image_vectors/75inchtv206.jpg.npy,4
output/samsung_superbig/output/image_vectors/75inchtv30.jpg.npy,6
output/samsung_superbig/output/image_vectors/massivetv2.jpg.npy,12
output/samsung_superbig/output/image_vectors/75inchtv186.jpg.npy,6
output/samsung_superbig/output/image_vectors/hugetv222.jpg.npy,4
output/samsung_superbig/output/image_vectors/75inchtv219.jpg.npy,17
output/samsung_superbig/output/image_vectors/massivetv238.jpg.npy,18
output/samsung_superbig/output/image_vectors/gianttv24.jpg.npy,3
output/samsung_superbig/output/image_vectors/gianttv114.jpg.npy,13
output/samsung_superbig/output/image_vectors/85inchtv42.jpg.npy,17
output/samsung_superbig/output/image_vectors/75inchtv56.jpg.npy,7
output/samsung_superbig/output/image_vectors/massivetv209.jpg.npy,14
output/samsung_superbig/output/image_vectors/85inchtv37.jpg.npy,4
output/samsung_superbig/output/image_vectors/gianttv27.jpg.npy,12
output/samsung_superbig/output/image_vectors/75inchtv49.jpg.npy,5
output/samsung_superbig/output/image_vectors/75inchtv114.jpg.npy,6
output/samsung_superbig/output/image_vectors/massivetv171.jpg.npy,12
output/samsung_superbig/output/image_vectors/85inchtv80.jpg.npy,18
output/samsung_superbig/output/image_vectors/75inchtv32.jpg.npy,1
output/samsung_superbig/output/image_vectors/75inchtv232.jpg.npy,7
output/samsung_superbig/output/image_vectors/gianttv11.jpg.npy,18
output/samsung_superbig/output/image_vectors/gianttv115.jpg.npy,10
output/samsung_superbig/output/image_vectors/hugetv70.jpg.npy,18
output/samsung_superbig/output/image_vectors/gianttv205.jpg.npy,15
output/samsung_superbig/output/image_vectors/75inchtv161.jpg.npy,7
output/samsung_superbig/output/image_vectors/hugetv254.jpg.npy,1
output/samsung_superbig/output/image_vectors/massivetv71.jpg.npy,17
output/samsung_superbig/output/image_vectors/75inchtv15.jpg.npy,5
output/samsung_superbig/output/image_vectors/85inchtv16.jpg.npy,12
output/samsung_superbig/output/image_vectors/gianttv82.jpg.npy,0
output/samsung_superbig/output/image_vectors/gianttv216.jpg.npy,7
output/samsung_superbig/output/image_vectors/hugetv150.jpg.npy,7
output/samsung_superbig/output/image_vectors/gianttv132.jpg.npy,16
output/samsung_superbig/output/image_vectors/massivetv22.jpg.npy,17
output/samsung_superbig/output/image_vectors/hugetv77.jpg.npy,6
output/samsung_superbig/output/image_vectors/gianttv199.jpg.npy,17
output/samsung_superbig/output/image_vectors/hugetv28.jpg.npy,8
output/samsung_superbig/output/image_vectors/gianttv97.jpg.npy,8
output/samsung_superbig/output/image_vectors/massivetv226.jpg.npy,6
output/samsung_superbig/output/image_vectors/massivetv119.jpg.npy,1
output/samsung_superbig/output/image_vectors/massivetv24.jpg.npy,7
output/samsung_superbig/output/image_vectors/75inchtv73.jpg.npy,2
output/samsung_superbig/output/image_vectors/massivetv43.jpg.npy,17
output/samsung_superbig/output/image_vectors/75inchtv253.jpg.npy,7
output/samsung_superbig/output/image_vectors/hugetv117.jpg.npy,4
output/samsung_superbig/output/image_vectors/massivetv252.jpg.npy,14
output/samsung_superbig/output/image_vectors/gianttv123.jpg.npy,19
output/samsung_superbig/output/image_vectors/gianttv245.jpg.npy,12
output/samsung_superbig/output/image_vectors/hugetv132.jpg.npy,9
output/samsung_superbig/output/image_vectors/gianttv43.jpg.npy,14
output/samsung_superbig/output/image_vectors/gianttv186.jpg.npy,15
output/samsung_superbig/output/image_vectors/hugetv119.jpg.npy,16
output/samsung_superbig/output/image_vectors/gianttv76.jpg.npy,15
output/samsung_superbig/output/image_vectors/gianttv25.jpg.npy,1
output/samsung_superbig/output/image_vectors/massivetv76.jpg.npy,10
output/samsung_superbig/output/image_vectors/massivetv7.jpg.npy,9
output/samsung_superbig/output/image_vectors/massivetv81.jpg.npy,12
output/samsung_superbig/output/image_vectors/massivetv165.jpg.npy,4
output/samsung_superbig/output/image_vectors/gianttv142.jpg.npy,15
output/samsung_superbig/output/image_vectors/gianttv1.jpg.npy,1
output/samsung_superbig/output/image_vectors/massivetv133.jpg.npy,7
output/samsung_superbig/output/image_vectors/hugetv259.jpg.npy,15
output/samsung_superbig/output/image_vectors/hugetv65.jpg.npy,8
output/samsung_superbig/output/image_vectors/gianttv254.jpg.npy,4
output/samsung_superbig/output/image_vectors/hugetv69.jpg.npy,7
output/samsung_superbig/output/image_vectors/gianttv47.jpg.npy,18
output/samsung_superbig/output/image_vectors/75inchtv151.jpg.npy,18
output/samsung_superbig/output/image_vectors/75inchtv0.jpg.npy,7
output/samsung_superbig/output/image_vectors/massivetv1.jpg.npy,8
output/samsung_superbig/output/image_vectors/massivetv106.jpg.npy,0
output/samsung_superbig/output/image_vectors/hugetv248.jpg.npy,1
output/samsung_superbig/output/image_vectors/hugetv186.jpg.npy,9
output/samsung_superbig/output/image_vectors/massivetv157.jpg.npy,12
output/samsung_superbig/output/image_vectors/massivetv240.jpg.npy,1
output/samsung_superbig/output/image_vectors/hugetv71.jpg.npy,13
output/samsung_superbig/output/image_vectors/gianttv20.jpg.npy,1
output/samsung_superbig/output/image_vectors/hugetv249.jpg.npy,8
output/samsung_superbig/output/image_vectors/hugetv108.jpg.npy,5
output/samsung_superbig/output/image_vectors/gianttv51.jpg.npy,15
output/samsung_superbig/output/image_vectors/massivetv79.jpg.npy,1
output/samsung_superbig/output/image_vectors/massivetv10.jpg.npy,10
output/samsung_superbig/output/image_vectors/massivetv149.jpg.npy,4
output/samsung_superbig/output/image_vectors/hugetv109.jpg.npy,5
output/samsung_superbig/output/image_vectors/75inchtv79.jpg.npy,1
output/samsung_superbig/output/image_vectors/massivetv60.jpg.npy,12
output/samsung_superbig/output/image_vectors/massivetv33.jpg.npy,7
output/samsung_superbig/output/image_vectors/hugetv182.jpg.npy,10
output/samsung_superbig/output/image_vectors/massivetv5.jpg.npy,5
output/samsung_superbig/output/image_vectors/hugetv197.jpg.npy,18
output/samsung_superbig/output/image_vectors/75inchtv74.jpg.npy,6
output/samsung_superbig/output/image_vectors/75inchtv59.jpg.npy,6
output/samsung_superbig/output/image_vectors/75inchtv72.jpg.npy,5
output/samsung_superbig/output/image_vectors/hugetv146.jpg.npy,18
output/samsung_superbig/output/image_vectors/massivetv48.jpg.npy,7
output/samsung_superbig/output/image_vectors/gianttv181.jpg.npy,1
output/samsung_superbig/output/image_vectors/75inchtv17.jpg.npy,13
output/samsung_superbig/output/image_vectors/75inchtv150.jpg.npy,10
output/samsung_superbig/output/image_vectors/gianttv74.jpg.npy,18
output/samsung_superbig/output/image_vectors/75inchtv241.jpg.npy,13
output/samsung_superbig/output/image_vectors/gianttv143.jpg.npy,1
output/samsung_superbig/output/image_vectors/75inchtv105.jpg.npy,13
output/samsung_superbig/output/image_vectors/hugetv129.jpg.npy,18
output/samsung_superbig/output/image_vectors/hugetv121.jpg.npy,7
output/samsung_superbig/output/image_vectors/75inchtv63.jpg.npy,10
output/samsung_superbig/output/image_vectors/hugetv127.jpg.npy,6
output/samsung_superbig/output/image_vectors/85inchtv76.jpg.npy,18
output/samsung_superbig/output/image_vectors/75inchtv251.jpg.npy,16
output/samsung_superbig/output/image_vectors/75inchtv85.jpg.npy,13
output/samsung_superbig/output/image_vectors/massivetv147.jpg.npy,18
output/samsung_superbig/output/image_vectors/75inchtv108.jpg.npy,18
output/samsung_superbig/output/image_vectors/gianttv54.jpg.npy,1
output/samsung_superbig/output/image_vectors/hugetv94.jpg.npy,1
output/samsung_superbig/output/image_vectors/75inchtv84.jpg.npy,15
output/samsung_superbig/output/image_vectors/gianttv162.jpg.npy,12
output/samsung_superbig/output/image_vectors/75inchtv77.jpg.npy,2
output/samsung_superbig/output/image_vectors/massivetv29.jpg.npy,8
output/samsung_superbig/output/image_vectors/85inchtv59.jpg.npy,4
output/samsung_superbig/output/image_vectors/85inchtv40.jpg.npy,2
output/samsung_superbig/output/image_vectors/hugetv126.jpg.npy,18
output/samsung_superbig/output/image_vectors/hugetv7.jpg.npy,4
output/samsung_superbig/output/image_vectors/75inchtv182.jpg.npy,17
output/samsung_superbig/output/image_vectors/hugetv234.jpg.npy,6
output/samsung_superbig/output/image_vectors/hugetv57.jpg.npy,14
output/samsung_superbig/output/image_vectors/75inchtv80.jpg.npy,1
output/samsung_superbig/output/image_vectors/85inchtv62.jpg.npy,9
output/samsung_superbig/output/image_vectors/75inchtv53.jpg.npy,10
output/samsung_superbig/output/image_vectors/gianttv197.jpg.npy,7
output/samsung_superbig/output/image_vectors/gianttv18.jpg.npy,17
output/samsung_superbig/output/image_vectors/gianttv30.jpg.npy,12
output/samsung_superbig/output/image_vectors/hugetv191.jpg.npy,5
output/samsung_superbig/output/image_vectors/hugetv50.jpg.npy,5
output/samsung_superbig/output/image_vectors/massivetv207.jpg.npy,7
output/samsung_superbig/output/image_vectors/gianttv12.jpg.npy,9
output/samsung_superbig/output/image_vectors/75inchtv36.jpg.npy,13
output/samsung_superbig/output/image_vectors/75inchtv181.jpg.npy,18
output/samsung_superbig/output/image_vectors/gianttv183.jpg.npy,2
output/samsung_superbig/output/image_vectors/75inchtv211.jpg.npy,2
output/samsung_superbig/output/image_vectors/gianttv92.jpg.npy,9
output/samsung_superbig/output/image_vectors/gianttv213.jpg.npy,1
output/samsung_superbig/output/image_vectors/gianttv165.jpg.npy,9
output/samsung_superbig/output/image_vectors/hugetv78.jpg.npy,7
output/samsung_superbig/output/image_vectors/hugetv106.jpg.npy,1
output/samsung_superbig/output/image_vectors/hugetv245.jpg.npy,7
output/samsung_superbig/output/image_vectors/75inchtv4.jpg.npy,13
output/samsung_superbig/output/image_vectors/75inchtv26.jpg.npy,1
output/samsung_superbig/output/image_vectors/hugetv128.jpg.npy,15
output/samsung_superbig/output/image_vectors/75inchtv201.jpg.npy,7
output/samsung_superbig/output/image_vectors/hugetv230.jpg.npy,2
output/samsung_superbig/output/image_vectors/massivetv219.jpg.npy,12
output/samsung_superbig/output/image_vectors/massivetv98.jpg.npy,18
output/samsung_superbig/output/image_vectors/massivetv203.jpg.npy,13
output/samsung_superbig/output/image_vectors/75inchtv10.jpg.npy,1
output/samsung_superbig/output/image_vectors/75inchtv179.jpg.npy,2
output/samsung_superbig/output/image_vectors/75inchtv173.jpg.npy,18
output/samsung_superbig/output/image_vectors/massivetv69.jpg.npy,8
output/samsung_superbig/output/image_vectors/gianttv77.jpg.npy,7
output/samsung_superbig/output/image_vectors/75inchtv224.jpg.npy,15
output/samsung_superbig/output/image_vectors/85inchtv15.jpg.npy,4
output/samsung_superbig/output/image_vectors/hugetv80.jpg.npy,9
output/samsung_superbig/output/image_vectors/gianttv133.jpg.npy,1
output/samsung_superbig/output/image_vectors/hugetv82.jpg.npy,2
output/samsung_superbig/output/image_vectors/hugetv134.jpg.npy,5
output/samsung_superbig/output/image_vectors/massivetv130.jpg.npy,13
output/samsung_superbig/output/image_vectors/gianttv22.jpg.npy,11
output/samsung_superbig/output/image_vectors/hugetv52.jpg.npy,10
output/samsung_superbig/output/image_vectors/85inchtv45.jpg.npy,18
output/samsung_superbig/output/image_vectors/75inchtv171.jpg.npy,18
output/samsung_superbig/output/image_vectors/75inchtv66.jpg.npy,10
output/samsung_superbig/output/image_vectors/massivetv235.jpg.npy,7
output/samsung_superbig/output/image_vectors/gianttv244.jpg.npy,13
output/samsung_superbig/output/image_vectors/75inchtv237.jpg.npy,17
output/samsung_superbig/output/image_vectors/75inchtv70.jpg.npy,18
output/samsung_superbig/output/image_vectors/massivetv167.jpg.npy,2
output/samsung_superbig/output/image_vectors/massivetv17.jpg.npy,6
output/samsung_superbig/output/image_vectors/gianttv209.jpg.npy,15
output/samsung_superbig/output/image_vectors/gianttv161.jpg.npy,9
output/samsung_superbig/output/image_vectors/massivetv250.jpg.npy,18
output/samsung_superbig/output/image_vectors/massivetv245.jpg.npy,7
output/samsung_superbig/output/image_vectors/hugetv207.jpg.npy,13
output/samsung_superbig/output/image_vectors/massivetv239.jpg.npy,13
output/samsung_superbig/output/image_vectors/massivetv173.jpg.npy,18
output/samsung_superbig/output/image_vectors/75inchtv113.jpg.npy,13
output/samsung_superbig/output/image_vectors/massivetv75.jpg.npy,7
output/samsung_superbig/output/image_vectors/hugetv103.jpg.npy,1
output/samsung_superbig/output/image_vectors/75inchtv155.jpg.npy,12
output/samsung_superbig/output/image_vectors/hugetv6.jpg.npy,6
output/samsung_superbig/output/image_vectors/85inchtv38.jpg.npy,13
output/samsung_superbig/output/image_vectors/hugetv76.jpg.npy,7
output/samsung_superbig/output/image_vectors/gianttv232.jpg.npy,13
output/samsung_superbig/output/image_vectors/75inchtv210.jpg.npy,13
output/samsung_superbig/output/image_vectors/75inchtv197.jpg.npy,12
output/samsung_superbig/output/image_vectors/75inchtv187.jpg.npy,13
output/samsung_superbig/output/image_vectors/hugetv142.jpg.npy,15
output/samsung_superbig/output/image_vectors/massivetv248.jpg.npy,17
output/samsung_superbig/output/image_vectors/85inchtv11.jpg.npy,13
output/samsung_superbig/output/image_vectors/massivetv99.jpg.npy,13
output/samsung_superbig/output/image_vectors/massivetv72.jpg.npy,13
output/samsung_superbig/output/image_vectors/hugetv86.jpg.npy,14
output/samsung_superbig/output/image_vectors/gianttv196.jpg.npy,15
output/samsung_superbig/output/image_vectors/hugetv208.jpg.npy,1
output/samsung_superbig/output/image_vectors/massivetv197.jpg.npy,2
output/samsung_superbig/output/image_vectors/gianttv26.jpg.npy,18
output/samsung_superbig/output/image_vectors/hugetv217.jpg.npy,4
output/samsung_superbig/output/image_vectors/75inchtv120.jpg.npy,10
output/samsung_superbig/output/image_vectors/massivetv27.jpg.npy,16
output/samsung_superbig/output/image_vectors/75inchtv215.jpg.npy,5
output/samsung_superbig/output/image_vectors/75inchtv239.jpg.npy,18
output/samsung_superbig/output/image_vectors/75inchtv42.jpg.npy,12
output/samsung_superbig/output/image_vectors/75inchtv61.jpg.npy,7
output/samsung_superbig/output/image_vectors/gianttv91.jpg.npy,3
output/samsung_superbig/output/image_vectors/hugetv102.jpg.npy,9
output/samsung_superbig/output/image_vectors/hugetv131.jpg.npy,7
output/samsung_superbig/output/image_vectors/massivetv13.jpg.npy,15
output/samsung_superbig/output/image_vectors/massivetv38.jpg.npy,14
output/samsung_superbig/output/image_vectors/gianttv251.jpg.npy,14
output/samsung_superbig/output/image_vectors/85inchtv21.jpg.npy,9
output/samsung_superbig/output/image_vectors/massivetv25.jpg.npy,8
output/samsung_superbig/output/image_vectors/75inchtv231.jpg.npy,5
output/samsung_superbig/output/image_vectors/hugetv37.jpg.npy,10
output/samsung_superbig/output/image_vectors/75inchtv184.jpg.npy,2
output/samsung_superbig/output/image_vectors/massivetv223.jpg.npy,1
output/samsung_superbig/output/image_vectors/gianttv29.jpg.npy,1
output/samsung_superbig/output/image_vectors/gianttv102.jpg.npy,7
output/samsung_superbig/output/image_vectors/massivetv55.jpg.npy,15
output/samsung_superbig/output/image_vectors/75inchtv183.jpg.npy,3
output/samsung_superbig/output/image_vectors/75inchtv69.jpg.npy,13
output/samsung_superbig/output/image_vectors/hugetv247.jpg.npy,15
output/samsung_superbig/output/image_vectors/gianttv15.jpg.npy,12
output/samsung_superbig/output/image_vectors/hugetv60.jpg.npy,17
output/samsung_superbig/output/image_vectors/gianttv83.jpg.npy,9
output/samsung_superbig/output/image_vectors/75inchtv86.jpg.npy,10
output/samsung_superbig/output/image_vectors/hugetv25.jpg.npy,7
output/samsung_superbig/output/image_vectors/gianttv146.jpg.npy,15
output/samsung_superbig/output/image_vectors/massivetv213.jpg.npy,7
output/samsung_superbig/output/image_vectors/hugetv251.jpg.npy,14
output/samsung_superbig/output/image_vectors/massivetv160.jpg.npy,4
output/samsung_superbig/output/image_vectors/75inchtv165.jpg.npy,18
output/samsung_superbig/output/image_vectors/75inchtv111.jpg.npy,13
output/samsung_superbig/output/image_vectors/hugetv176.jpg.npy,13
output/samsung_superbig/output/image_vectors/75inchtv31.jpg.npy,15
output/samsung_superbig/output/image_vectors/gianttv70.jpg.npy,13
output/samsung_superbig/output/image_vectors/75inchtv43.jpg.npy,18
output/samsung_superbig/output/image_vectors/gianttv120.jpg.npy,5
output/samsung_superbig/output/image_vectors/hugetv160.jpg.npy,13
output/samsung_superbig/output/image_vectors/hugetv21.jpg.npy,13
output/samsung_superbig/output/image_vectors/hugetv216.jpg.npy,1
output/samsung_superbig/output/image_vectors/75inchtv109.jpg.npy,12
output/samsung_superbig/output/image_vectors/75inchtv82.jpg.npy,2
output/samsung_superbig/output/image_vectors/massivetv44.jpg.npy,5
output/samsung_superbig/output/image_vectors/gianttv94.jpg.npy,14
output/samsung_superbig/output/image_vectors/75inchtv169.jpg.npy,10
output/samsung_superbig/output/image_vectors/gianttv68.jpg.npy,9
output/samsung_superbig/output/image_vectors/75inchtv41.jpg.npy,12
output/samsung_superbig/output/image_vectors/massivetv244.jpg.npy,1
output/samsung_superbig/output/image_vectors/85inchtv23.jpg.npy,1
output/samsung_superbig/output/image_vectors/massivetv104.jpg.npy,12
output/samsung_superbig/output/image_vectors/hugetv153.jpg.npy,13
output/samsung_superbig/output/image_vectors/75inchtv188.jpg.npy,8
output/samsung_superbig/output/image_vectors/75inchtv255.jpg.npy,16
output/samsung_superbig/output/image_vectors/massivetv146.jpg.npy,0
output/samsung_superbig/output/image_vectors/gianttv99.jpg.npy,4
output/samsung_superbig/output/image_vectors/hugetv16.jpg.npy,2
output/samsung_superbig/output/image_vectors/hugetv154.jpg.npy,1
output/samsung_superbig/output/image_vectors/75inchtv46.jpg.npy,6
output/samsung_superbig/output/image_vectors/hugetv40.jpg.npy,14
output/samsung_superbig/output/image_vectors/hugetv55.jpg.npy,13
output/samsung_superbig/output/image_vectors/75inchtv87.jpg.npy,13
output/samsung_superbig/output/image_vectors/75inchtv172.jpg.npy,1
output/samsung_superbig/output/image_vectors/hugetv24.jpg.npy,7
output/samsung_superbig/output/image_vectors/85inchtv54.jpg.npy,18
output/samsung_superbig/output/image_vectors/massivetv152.jpg.npy,14
output/samsung_superbig/output/image_vectors/hugetv177.jpg.npy,5
output/samsung_superbig/output/image_vectors/hugetv97.jpg.npy,18
output/samsung_superbig/output/image_vectors/hugetv115.jpg.npy,18
output/samsung_superbig/output/image_vectors/massivetv19.jpg.npy,15
output/samsung_superbig/output/image_vectors/hugetv137.jpg.npy,1
output/samsung_superbig/output/image_vectors/gianttv240.jpg.npy,7
output/samsung_superbig/output/image_vectors/75inchtv160.jpg.npy,15
output/samsung_superbig/output/image_vectors/hugetv237.jpg.npy,2
output/samsung_superbig/output/image_vectors/75inchtv55.jpg.npy,18
output/samsung_superbig/output/image_vectors/gianttv79.jpg.npy,9
output/samsung_superbig/output/image_vectors/75inchtv29.jpg.npy,12
output/samsung_superbig/output/image_vectors/gianttv75.jpg.npy,13
output/samsung_superbig/output/image_vectors/85inchtv29.jpg.npy,4
output/samsung_superbig/output/image_vectors/gianttv42.jpg.npy,18
output/samsung_superbig/output/image_vectors/85inchtv74.jpg.npy,17
output/samsung_superbig/output/image_vectors/gianttv34.jpg.npy,3
output/samsung_superbig/output/image_vectors/75inchtv149.jpg.npy,2
output/samsung_superbig/output/image_vectors/massivetv196.jpg.npy,18
output/samsung_superbig/output/image_vectors/75inchtv189.jpg.npy,2
output/samsung_superbig/output/image_vectors/75inchtv140.jpg.npy,12
output/samsung_superbig/output/image_vectors/gianttv252.jpg.npy,14
output/samsung_superbig/output/image_vectors/massivetv84.jpg.npy,14
output/samsung_superbig/output/image_vectors/85inchtv64.jpg.npy,17
output/samsung_superbig/output/image_vectors/85inchtv10.jpg.npy,9
output/samsung_superbig/output/image_vectors/massivetv40.jpg.npy,7
output/samsung_superbig/output/image_vectors/75inchtv164.jpg.npy,12
output/samsung_superbig/output/image_vectors/hugetv144.jpg.npy,5
output/samsung_superbig/output/image_vectors/gianttv67.jpg.npy,7
output/samsung_superbig/output/image_vectors/75inchtv257.jpg.npy,13
output/samsung_superbig/output/image_vectors/gianttv249.jpg.npy,15
output/samsung_superbig/output/image_vectors/hugetv253.jpg.npy,6
output/samsung_superbig/output/image_vectors/massivetv116.jpg.npy,0
output/samsung_superbig/output/image_vectors/75inchtv16.jpg.npy,3
output/samsung_superbig/output/image_vectors/75inchtv62.jpg.npy,13
output/samsung_superbig/output/image_vectors/hugetv143.jpg.npy,14
output/samsung_superbig/output/image_vectors/75inchtv40.jpg.npy,2
output/samsung_superbig/output/image_vectors/massivetv11.jpg.npy,12
output/samsung_superbig/output/image_vectors/85inchtv44.jpg.npy,5
output/samsung_superbig/output/image_vectors/75inchtv202.jpg.npy,1
output/samsung_superbig/output/image_vectors/hugetv9.jpg.npy,8
output/samsung_superbig/output/image_vectors/75inchtv170.jpg.npy,17
output/samsung_superbig/output/image_vectors/massivetv168.jpg.npy,13
output/samsung_superbig/output/image_vectors/massivetv214.jpg.npy,6
output/samsung_superbig/output/image_vectors/hugetv39.jpg.npy,8
output/samsung_superbig/output/image_vectors/75inchtv218.jpg.npy,18
output/samsung_superbig/output/image_vectors/hugetv195.jpg.npy,17
output/samsung_superbig/output/image_vectors/massivetv212.jpg.npy,18
output/samsung_superbig/output/image_vectors/85inchtv1.jpg.npy,7
output/samsung_superbig/output/image_vectors/massivetv233.jpg.npy,18
output/samsung_superbig/output/image_vectors/massivetv180.jpg.npy,13
output/samsung_superbig/output/image_vectors/massivetv228.jpg.npy,8
output/samsung_superbig/output/image_vectors/75inchtv89.jpg.npy,18
output/samsung_superbig/output/image_vectors/massivetv242.jpg.npy,10
output/samsung_superbig/output/image_vectors/massivetv117.jpg.npy,0
output/samsung_superbig/output/image_vectors/gianttv172.jpg.npy,5
output/samsung_superbig/output/image_vectors/gianttv16.jpg.npy,1
output/samsung_superbig/output/image_vectors/gianttv190.jpg.npy,1
output/samsung_superbig/output/image_vectors/massivetv200.jpg.npy,7
output/samsung_superbig/output/image_vectors/85inchtv49.jpg.npy,7
output/samsung_superbig/output/image_vectors/gianttv248.jpg.npy,14
output/samsung_superbig/output/image_vectors/75inchtv136.jpg.npy,13
output/samsung_superbig/output/image_vectors/75inchtv135.jpg.npy,13
output/samsung_superbig/output/image_vectors/massivetv68.jpg.npy,14
output/samsung_superbig/output/image_vectors/hugetv116.jpg.npy,13
output/samsung_superbig/output/image_vectors/massivetv162.jpg.npy,18
output/samsung_superbig/output/image_vectors/hugetv139.jpg.npy,1
output/samsung_superbig/output/image_vectors/massivetv96.jpg.npy,12
output/samsung_superbig/output/image_vectors/75inchtv116.jpg.npy,4
output/samsung_superbig/output/image_vectors/massivetv109.jpg.npy,1
output/samsung_superbig/output/image_vectors/75inchtv200.jpg.npy,7
output/samsung_superbig/output/image_vectors/gianttv105.jpg.npy,5
output/samsung_superbig/output/image_vectors/gianttv223.jpg.npy,13
output/samsung_superbig/output/image_vectors/massivetv159.jpg.npy,18
output/samsung_superbig/output/image_vectors/hugetv187.jpg.npy,7
output/samsung_superbig/output/image_vectors/75inchtv106.jpg.npy,2
output/samsung_superbig/output/image_vectors/gianttv202.jpg.npy,3
output/samsung_superbig/output/image_vectors/85inchtv24.jpg.npy,2
output/samsung_superbig/output/image_vectors/hugetv18.jpg.npy,13
output/samsung_superbig/output/image_vectors/85inchtv33.jpg.npy,2
output/samsung_superbig/output/image_vectors/75inchtv230.jpg.npy,4
output/samsung_superbig/output/image_vectors/massivetv140.jpg.npy,16
output/samsung_superbig/output/image_vectors/gianttv228.jpg.npy,2
output/samsung_superbig/output/image_vectors/gianttv138.jpg.npy,1
output/samsung_superbig/output/image_vectors/hugetv100.jpg.npy,2
output/samsung_superbig/output/image_vectors/hugetv96.jpg.npy,1
output/samsung_superbig/output/image_vectors/75inchtv152.jpg.npy,7
output/samsung_superbig/output/image_vectors/hugetv219.jpg.npy,2
output/samsung_superbig/output/image_vectors/hugetv256.jpg.npy,12
output/samsung_superbig/output/image_vectors/massivetv227.jpg.npy,14
output/samsung_superbig/output/image_vectors/massivetv57.jpg.npy,13
output/samsung_superbig/output/image_vectors/gianttv80.jpg.npy,6
output/samsung_superbig/output/image_vectors/gianttv88.jpg.npy,9
output/samsung_superbig/output/image_vectors/75inchtv240.jpg.npy,12
output/samsung_superbig/output/image_vectors/hugetv2.jpg.npy,6
output/samsung_superbig/output/image_vectors/massivetv121.jpg.npy,13
output/samsung_superbig/output/image_vectors/massivetv93.jpg.npy,15
output/samsung_superbig/output/image_vectors/hugetv68.jpg.npy,16
output/samsung_superbig/output/image_vectors/gianttv14.jpg.npy,12
output/samsung_superbig/output/image_vectors/gianttv214.jpg.npy,12
output/samsung_superbig/output/image_vectors/85inchtv41.jpg.npy,10
output/samsung_superbig/output/image_vectors/gianttv193.jpg.npy,1
output/samsung_superbig/output/image_vectors/75inchtv20.jpg.npy,13
output/samsung_superbig/output/image_vectors/85inchtv19.jpg.npy,12
output/samsung_superbig/output/image_vectors/massivetv164.jpg.npy,2
output/samsung_superbig/output/image_vectors/massivetv26.jpg.npy,2
output/samsung_superbig/output/image_vectors/gianttv220.jpg.npy,14
output/samsung_superbig/output/image_vectors/85inchtv48.jpg.npy,1
output/samsung_superbig/output/image_vectors/gianttv64.jpg.npy,10
output/samsung_superbig/output/image_vectors/75inchtv126.jpg.npy,18
output/samsung_superbig/output/image_vectors/75inchtv233.jpg.npy,13
output/samsung_superbig/output/image_vectors/75inchtv24.jpg.npy,7
output/samsung_superbig/output/image_vectors/75inchtv205.jpg.npy,13
output/samsung_superbig/output/image_vectors/75inchtv65.jpg.npy,15
output/samsung_superbig/output/image_vectors/hugetv199.jpg.npy,17
output/samsung_superbig/output/image_vectors/massivetv210.jpg.npy,7
output/samsung_superbig/output/image_vectors/hugetv250.jpg.npy,10
output/samsung_superbig/output/image_vectors/gianttv198.jpg.npy,18
output/samsung_superbig/output/image_vectors/massivetv118.jpg.npy,0
output/samsung_superbig/output/image_vectors/75inchtv162.jpg.npy,14
output/samsung_superbig/output/image_vectors/hugetv201.jpg.npy,1
output/samsung_superbig/output/image_vectors/massivetv9.jpg.npy,13
output/samsung_superbig/output/image_vectors/85inchtv71.jpg.npy,7
output/samsung_superbig/output/image_vectors/massivetv183.jpg.npy,17
output/samsung_superbig/output/image_vectors/hugetv44.jpg.npy,16
output/samsung_superbig/output/image_vectors/hugetv89.jpg.npy,6
output/samsung_superbig/output/image_vectors/gianttv85.jpg.npy,0
output/samsung_superbig/output/image_vectors/hugetv225.jpg.npy,15
output/samsung_superbig/output/image_vectors/massivetv47.jpg.npy,17
output/samsung_superbig/output/image_vectors/massivetv232.jpg.npy,2
output/samsung_superbig/output/image_vectors/gianttv218.jpg.npy,14
output/samsung_superbig/output/image_vectors/gianttv108.jpg.npy,1
output/samsung_superbig/output/image_vectors/gianttv211.jpg.npy,12
output/samsung_superbig/output/image_vectors/gianttv235.jpg.npy,15
output/samsung_superbig/output/image_vectors/gianttv33.jpg.npy,2
output/samsung_superbig/output/image_vectors/85inchtv9.jpg.npy,6
output/samsung_superbig/output/image_vectors/85inchtv58.jpg.npy,7
output/samsung_superbig/output/image_vectors/hugetv36.jpg.npy,5
output/samsung_superbig/output/image_vectors/gianttv221.jpg.npy,17
output/samsung_superbig/output/image_vectors/75inchtv129.jpg.npy,18
output/samsung_superbig/output/image_vectors/gianttv98.jpg.npy,1
output/samsung_superbig/output/image_vectors/massivetv85.jpg.npy,17
output/samsung_superbig/output/image_vectors/gianttv6.jpg.npy,9
output/samsung_superbig/output/image_vectors/massivetv89.jpg.npy,9
output/samsung_superbig/output/image_vectors/massivetv20.jpg.npy,2
output/samsung_superbig/output/image_vectors/gianttv217.jpg.npy,5
output/samsung_superbig/output/image_vectors/75inchtv194.jpg.npy,10
output/samsung_superbig/output/image_vectors/75inchtv168.jpg.npy,9
output/samsung_superbig/output/image_vectors/85inchtv75.jpg.npy,2
output/samsung_superbig/output/image_vectors/75inchtv228.jpg.npy,3
output/samsung_superbig/output/image_vectors/gianttv0.jpg.npy,18
output/samsung_superbig/output/image_vectors/85inchtv32.jpg.npy,10
output/samsung_superbig/output/image_vectors/gianttv39.jpg.npy,12
output/samsung_superbig/output/image_vectors/hugetv14.jpg.npy,13
output/samsung_superbig/output/image_vectors/hugetv43.jpg.npy,1
output/samsung_superbig/output/image_vectors/massivetv92.jpg.npy,6
output/samsung_superbig/output/image_vectors/massivetv188.jpg.npy,7
output/samsung_superbig/output/image_vectors/massivetv206.jpg.npy,2
output/samsung_superbig/output/image_vectors/massivetv65.jpg.npy,12
output/samsung_superbig/output/image_vectors/75inchtv18.jpg.npy,13
output/samsung_superbig/output/image_vectors/75inchtv254.jpg.npy,17
output/samsung_superbig/output/image_vectors/75inchtv2.jpg.npy,7
output/samsung_superbig/output/image_vectors/75inchtv166.jpg.npy,13
output/samsung_superbig/output/image_vectors/hugetv72.jpg.npy,1
output/samsung_superbig/output/image_vectors/massivetv191.jpg.npy,2
output/samsung_superbig/output/image_vectors/gianttv17.jpg.npy,1
output/samsung_superbig/output/image_vectors/gianttv219.jpg.npy,6
output/samsung_superbig/output/image_vectors/hugetv64.jpg.npy,16
output/samsung_superbig/output/image_vectors/85inchtv66.jpg.npy,2
output/samsung_superbig/output/image_vectors/hugetv166.jpg.npy,1
output/samsung_superbig/output/image_vectors/massivetv234.jpg.npy,18
output/samsung_superbig/output/image_vectors/massivetv187.jpg.npy,9
output/samsung_superbig/output/image_vectors/85inchtv53.jpg.npy,13
output/samsung_superbig/output/image_vectors/hugetv169.jpg.npy,17
output/samsung_superbig/output/image_vectors/75inchtv180.jpg.npy,1
output/samsung_superbig/output/image_vectors/75inchtv214.jpg.npy,12
output/samsung_superbig/output/image_vectors/gianttv170.jpg.npy,2
output/samsung_superbig/output/image_vectors/massivetv15.jpg.npy,7
output/samsung_superbig/output/image_vectors/gianttv48.jpg.npy,5
output/samsung_superbig/output/image_vectors/gianttv103.jpg.npy,14
output/samsung_superbig/output/image_vectors/hugetv136.jpg.npy,18
output/samsung_superbig/output/image_vectors/gianttv166.jpg.npy,13
output/samsung_superbig/output/image_vectors/75inchtv110.jpg.npy,13
output/samsung_superbig/output/image_vectors/hugetv54.jpg.npy,3
output/samsung_superbig/output/image_vectors/massivetv138.jpg.npy,5
output/samsung_superbig/output/image_vectors/massivetv208.jpg.npy,2
output/samsung_superbig/output/image_vectors/massivetv231.jpg.npy,1
output/samsung_superbig/output/image_vectors/massivetv166.jpg.npy,17
output/samsung_superbig/output/image_vectors/hugetv161.jpg.npy,6
output/samsung_superbig/output/image_vectors/75inchtv222.jpg.npy,12
output/samsung_superbig/output/image_vectors/massivetv190.jpg.npy,13
output/samsung_superbig/output/image_vectors/gianttv164.jpg.npy,1
output/samsung_superbig/output/image_vectors/hugetv32.jpg.npy,12
output/samsung_superbig/output/image_vectors/hugetv92.jpg.npy,15
output/samsung_superbig/output/image_vectors/75inchtv23.jpg.npy,7
output/samsung_superbig/output/image_vectors/massivetv236.jpg.npy,17
output/samsung_superbig/output/image_vectors/massivetv63.jpg.npy,1
output/samsung_superbig/output/image_vectors/hugetv83.jpg.npy,1
output/samsung_superbig/output/image_vectors/massivetv129.jpg.npy,18
output/samsung_superbig/output/image_vectors/gianttv2.jpg.npy,5
output/samsung_superbig/output/image_vectors/hugetv179.jpg.npy,13
output/samsung_superbig/output/image_vectors/gianttv224.jpg.npy,14
output/samsung_superbig/output/image_vectors/gianttv192.jpg.npy,14
output/samsung_superbig/output/image_vectors/gianttv250.jpg.npy,14
output/samsung_superbig/output/image_vectors/gianttv81.jpg.npy,5
output/samsung_superbig/output/image_vectors/massivetv141.jpg.npy,13
output/samsung_superbig/output/image_vectors/gianttv23.jpg.npy,11
output/samsung_superbig/output/image_vectors/hugetv193.jpg.npy,2
output/samsung_superbig/output/image_vectors/hugetv198.jpg.npy,17
output/samsung_superbig/output/image_vectors/hugetv124.jpg.npy,16
output/samsung_superbig/output/image_vectors/massivetv249.jpg.npy,15
output/samsung_superbig/output/image_vectors/75inchtv122.jpg.npy,13
output/samsung_superbig/output/image_vectors/gianttv8.jpg.npy,2
output/samsung_superbig/output/image_vectors/75inchtv54.jpg.npy,17
output/samsung_superbig/output/image_vectors/massivetv115.jpg.npy,0
output/samsung_superbig/output/image_vectors/gianttv185.jpg.npy,7
output/samsung_superbig/output/image_vectors/massivetv61.jpg.npy,13
output/samsung_superbig/output/image_vectors/75inchtv51.jpg.npy,8
output/samsung_superbig/output/image_vectors/75inchtv142.jpg.npy,2
output/samsung_superbig/output/image_vectors/hugetv125.jpg.npy,18
output/samsung_superbig/output/image_vectors/hugetv12.jpg.npy,17
output/samsung_superbig/output/image_vectors/massivetv177.jpg.npy,7
output/samsung_superbig/output/image_vectors/massivetv186.jpg.npy,13
output/samsung_superbig/output/image_vectors/gianttv176.jpg.npy,3
output/samsung_superbig/output/image_vectors/gianttv208.jpg.npy,1
output/samsung_superbig/output/image_vectors/75inchtv35.jpg.npy,2
output/samsung_superbig/output/image_vectors/75inchtv159.jpg.npy,15
output/samsung_superbig/output/image_vectors/massivetv182.jpg.npy,13
output/samsung_superbig/output/image_vectors/gianttv78.jpg.npy,1
output/samsung_superbig/output/image_vectors/75inchtv1.jpg.npy,12
output/samsung_superbig/output/image_vectors/75inchtv57.jpg.npy,13
output/samsung_superbig/output/image_vectors/75inchtv95.jpg.npy,13
output/samsung_superbig/output/image_vectors/75inchtv256.jpg.npy,18
output/samsung_superbig/output/image_vectors/75inchtv157.jpg.npy,18
output/samsung_superbig/output/image_vectors/massivetv176.jpg.npy,7
output/samsung_superbig/output/image_vectors/85inchtv55.jpg.npy,6
output/samsung_superbig/output/image_vectors/85inchtv8.jpg.npy,7
output/samsung_superbig/output/image_vectors/gianttv188.jpg.npy,1
output/samsung_superbig/output/image_vectors/gianttv45.jpg.npy,15
output/samsung_superbig/output/image_vectors/gianttv106.jpg.npy,7
output/samsung_superbig/output/image_vectors/gianttv180.jpg.npy,7
output/samsung_superbig/output/image_vectors/hugetv157.jpg.npy,12
output/samsung_superbig/output/image_vectors/85inchtv27.jpg.npy,5
output/samsung_superbig/output/image_vectors/massivetv192.jpg.npy,15
output/samsung_superbig/output/image_vectors/massivetv161.jpg.npy,7
output/samsung_superbig/output/image_vectors/hugetv257.jpg.npy,7
output/samsung_superbig/output/image_vectors/hugetv172.jpg.npy,1
output/samsung_superbig/output/image_vectors/hugetv238.jpg.npy,4
output/samsung_superbig/output/image_vectors/75inchtv259.jpg.npy,6
output/samsung_superbig/output/image_vectors/massivetv142.jpg.npy,18
output/samsung_superbig/output/image_vectors/75inchtv249.jpg.npy,17
output/samsung_superbig/output/image_vectors/massivetv62.jpg.npy,13
output/samsung_superbig/output/image_vectors/hugetv20.jpg.npy,13
output/samsung_superbig/output/image_vectors/gianttv119.jpg.npy,18
output/samsung_superbig/output/image_vectors/75inchtv242.jpg.npy,18
output/samsung_superbig/output/image_vectors/gianttv239.jpg.npy,17
output/samsung_superbig/output/image_vectors/75inchtv252.jpg.npy,13
output/samsung_superbig/output/image_vectors/hugetv105.jpg.npy,18
output/samsung_superbig/output/image_vectors/gianttv104.jpg.npy,13
output/samsung_superbig/output/image_vectors/85inchtv30.jpg.npy,5
output/samsung_superbig/output/image_vectors/massivetv53.jpg.npy,7
output/samsung_superbig/output/image_vectors/massivetv241.jpg.npy,18
output/samsung_superbig/output/image_vectors/hugetv73.jpg.npy,1
output/samsung_superbig/output/image_vectors/massivetv225.jpg.npy,15
output/samsung_superbig/output/image_vectors/85inchtv46.jpg.npy,13
output/samsung_superbig/output/image_vectors/75inchtv118.jpg.npy,13
output/samsung_superbig/output/image_vectors/gianttv163.jpg.npy,13
output/samsung_superbig/output/image_vectors/hugetv200.jpg.npy,7
output/samsung_superbig/output/image_vectors/hugetv84.jpg.npy,15
output/samsung_superbig/output/image_vectors/hugetv233.jpg.npy,5
output/samsung_superbig/output/image_vectors/hugetv35.jpg.npy,4
output/samsung_superbig/output/image_vectors/hugetv59.jpg.npy,1
output/samsung_superbig/output/image_vectors/hugetv211.jpg.npy,1
output/samsung_superbig/output/image_vectors/massivetv126.jpg.npy,17
output/samsung_superbig/output/image_vectors/75inchtv185.jpg.npy,18
output/samsung_superbig/output/image_vectors/hugetv165.jpg.npy,10
output/samsung_superbig/output/image_vectors/hugetv173.jpg.npy,8
output/samsung_superbig/output/image_vectors/hugetv1.jpg.npy,7
output/samsung_superbig/output/image_vectors/hugetv149.jpg.npy,3
output/samsung_superbig/output/image_vectors/hugetv66.jpg.npy,1
output/samsung_superbig/output/image_vectors/hugetv63.jpg.npy,10
output/samsung_superbig/output/image_vectors/gianttv184.jpg.npy,17
output/samsung_superbig/output/image_vectors/75inchtv207.jpg.npy,18
output/samsung_superbig/output/image_vectors/massivetv108.jpg.npy,18
output/samsung_superbig/output/image_vectors/gianttv4.jpg.npy,13
output/samsung_superbig/output/image_vectors/gianttv7.jpg.npy,15
output/samsung_superbig/output/image_vectors/gianttv243.jpg.npy,18
output/samsung_superbig/output/image_vectors/hugetv5.jpg.npy,10
output/samsung_superbig/output/image_vectors/gianttv84.jpg.npy,1
output/samsung_superbig/output/image_vectors/75inchtv96.jpg.npy,15
output/samsung_superbig/output/image_vectors/gianttv35.jpg.npy,12
output/samsung_superbig/output/image_vectors/massivetv132.jpg.npy,0
output/samsung_superbig/output/image_vectors/gianttv145.jpg.npy,8
output/samsung_superbig/output/image_vectors/hugetv223.jpg.npy,10
output/samsung_superbig/output/image_vectors/75inchtv243.jpg.npy,16
output/samsung_superbig/output/image_vectors/massivetv74.jpg.npy,7
output/samsung_superbig/output/image_vectors/75inchtv192.jpg.npy,4
output/samsung_superbig/output/image_vectors/hugetv27.jpg.npy,13
output/samsung_superbig/output/image_vectors/gianttv136.jpg.npy,18
output/samsung_superbig/output/image_vectors/75inchtv92.jpg.npy,9
output/samsung_superbig/output/image_vectors/75inchtv216.jpg.npy,4
output/samsung_superbig/output/image_vectors/gianttv53.jpg.npy,1
output/samsung_superbig/output/image_vectors/hugetv220.jpg.npy,7
output/samsung_superbig/output/image_vectors/75inchtv104.jpg.npy,17
output/samsung_superbig/output/image_vectors/massivetv100.jpg.npy,4
output/samsung_superbig/output/image_vectors/75inchtv191.jpg.npy,5
output/samsung_superbig/output/image_vectors/massivetv128.jpg.npy,7
output/samsung_superbig/output/image_vectors/85inchtv36.jpg.npy,13
output/samsung_superbig/output/image_vectors/hugetv101.jpg.npy,1
output/samsung_superbig/output/image_vectors/hugetv203.jpg.npy,2
output/samsung_superbig/output/image_vectors/hugetv190.jpg.npy,7
output/samsung_superbig/output/image_vectors/gianttv87.jpg.npy,9
output/samsung_superbig/output/image_vectors/85inchtv28.jpg.npy,12
output/samsung_superbig/output/image_vectors/hugetv178.jpg.npy,14
output/samsung_superbig/output/image_vectors/gianttv157.jpg.npy,6
output/samsung_superbig/output/image_vectors/hugetv3.jpg.npy,8
output/samsung_superbig/output/image_vectors/hugetv196.jpg.npy,16
output/samsung_superbig/output/image_vectors/hugetv10.jpg.npy,18
output/samsung_superbig/output/image_vectors/massivetv86.jpg.npy,14
output/samsung_superbig/output/image_vectors/gianttv61.jpg.npy,4
output/samsung_superbig/output/image_vectors/gianttv160.jpg.npy,2
output/samsung_superbig/output/image_vectors/hugetv147.jpg.npy,2
output/samsung_superbig/output/image_vectors/gianttv5.jpg.npy,13
output/samsung_superbig/output/image_vectors/hugetv138.jpg.npy,12
output/samsung_superbig/output/image_vectors/85inchtv63.jpg.npy,1
output/samsung_superbig/output/image_vectors/gianttv37.jpg.npy,1
output/samsung_superbig/output/image_vectors/massivetv51.jpg.npy,5
output/samsung_superbig/output/image_vectors/hugetv120.jpg.npy,7
output/samsung_superbig/output/image_vectors/massivetv103.jpg.npy,14
output/samsung_superbig/output/image_vectors/massivetv49.jpg.npy,1
output/samsung_superbig/output/image_vectors/hugetv175.jpg.npy,1
output/samsung_superbig/output/image_vectors/gianttv41.jpg.npy,1
output/samsung_superbig/output/image_vectors/massivetv58.jpg.npy,1
output/samsung_superbig/output/image_vectors/75inchtv203.jpg.npy,10
output/samsung_superbig/output/image_vectors/gianttv31.jpg.npy,7
output/samsung_superbig/output/image_vectors/75inchtv137.jpg.npy,10
output/samsung_superbig/output/image_vectors/75inchtv14.jpg.npy,13
output/samsung_superbig/output/image_vectors/75inchtv139.jpg.npy,7
output/samsung_superbig/output/image_vectors/gianttv151.jpg.npy,18
output/samsung_superbig/output/image_vectors/hugetv260.jpg.npy,9
output/samsung_superbig/output/image_vectors/75inchtv60.jpg.npy,2
output/samsung_superbig/output/image_vectors/85inchtv57.jpg.npy,9
output/samsung_superbig/output/image_vectors/75inchtv21.jpg.npy,2
output/samsung_superbig/output/image_vectors/hugetv162.jpg.npy,9
output/samsung_superbig/output/image_vectors/hugetv110.jpg.npy,13
output/samsung_superbig/output/image_vectors/massivetv181.jpg.npy,6
output/samsung_superbig/output/image_vectors/85inchtv69.jpg.npy,7
output/samsung_superbig/output/image_vectors/75inchtv138.jpg.npy,17
output/samsung_superbig/output/image_vectors/gianttv56.jpg.npy,18
output/samsung_superbig/output/image_vectors/massivetv215.jpg.npy,17
output/samsung_superbig/output/image_vectors/hugetv23.jpg.npy,13
output/samsung_superbig/output/image_vectors/75inchtv45.jpg.npy,18
output/samsung_superbig/output/image_vectors/gianttv86.jpg.npy,9
output/samsung_superbig/output/image_vectors/massivetv255.jpg.npy,18
output/samsung_superbig/output/image_vectors/75inchtv98.jpg.npy,13
output/samsung_superbig/output/image_vectors/hugetv8.jpg.npy,2
output/samsung_superbig/output/image_vectors/massivetv179.jpg.npy,5
output/samsung_superbig/output/image_vectors/hugetv244.jpg.npy,7
output/samsung_superbig/output/image_vectors/75inchtv246.jpg.npy,6
output/samsung_superbig/output/image_vectors/massivetv163.jpg.npy,18
output/samsung_superbig/output/image_vectors/hugetv164.jpg.npy,18
output/samsung_superbig/output/image_vectors/massivetv221.jpg.npy,18
output/samsung_superbig/output/image_vectors/gianttv231.jpg.npy,1
output/samsung_superbig/output/image_vectors/hugetv241.jpg.npy,1
output/samsung_superbig/output/image_vectors/gianttv246.jpg.npy,2
output/samsung_superbig/output/image_vectors/hugetv114.jpg.npy,5
output/samsung_superbig/output/image_vectors/massivetv156.jpg.npy,14
output/samsung_superbig/output/image_vectors/hugetv212.jpg.npy,9
output/samsung_superbig/output/image_vectors/75inchtv258.jpg.npy,18
output/samsung_superbig/output/image_vectors/hugetv99.jpg.npy,5
output/samsung_superbig/output/image_vectors/hugetv180.jpg.npy,2
output/samsung_superbig/output/image_vectors/75inchtv100.jpg.npy,12
output/samsung_superbig/output/image_vectors/hugetv48.jpg.npy,0
output/samsung_superbig/output/image_vectors/hugetv123.jpg.npy,2
output/samsung_superbig/output/image_vectors/gianttv242.jpg.npy,5
output/samsung_superbig/output/image_vectors/hugetv159.jpg.npy,15
output/samsung_superbig/output/image_vectors/75inchtv47.jpg.npy,5
output/samsung_superbig/output/image_vectors/hugetv88.jpg.npy,8
output/samsung_superbig/output/image_vectors/hugetv243.jpg.npy,14
output/samsung_superbig/output/image_vectors/massivetv30.jpg.npy,8
output/samsung_superbig/output/image_vectors/hugetv87.jpg.npy,7
output/samsung_superbig/output/image_vectors/hugetv98.jpg.npy,4
output/samsung_superbig/output/image_vectors/gianttv236.jpg.npy,4
output/samsung_superbig/output/image_vectors/75inchtv209.jpg.npy,6
output/samsung_superbig/output/image_vectors/hugetv221.jpg.npy,15
output/samsung_superbig/output/image_vectors/gianttv110.jpg.npy,7
output/samsung_superbig/output/image_vectors/hugetv85.jpg.npy,15
output/samsung_superbig/output/image_vectors/75inchtv38.jpg.npy,13
output/samsung_superbig/output/image_vectors/hugetv130.jpg.npy,8
output/samsung_superbig/output/image_vectors/75inchtv6.jpg.npy,13
output/samsung_superbig/output/image_vectors/85inchtv60.jpg.npy,17
output/samsung_superbig/output/image_vectors/hugetv67.jpg.npy,3
output/samsung_superbig/output/image_vectors/75inchtv260.jpg.npy,1
output/samsung_superbig/output/image_vectors/massivetv224.jpg.npy,7
output/samsung_superbig/output/image_vectors/75inchtv90.jpg.npy,13
output/samsung_superbig/output/image_vectors/hugetv61.jpg.npy,14
output/samsung_superbig/output/image_vectors/hugetv210.jpg.npy,17
output/samsung_superbig/output/image_vectors/75inchtv195.jpg.npy,8
output/samsung_superbig/output/image_vectors/hugetv91.jpg.npy,2
output/samsung_superbig/output/image_vectors/75inchtv190.jpg.npy,5
output/samsung_superbig/output/image_vectors/85inchtv47.jpg.npy,10
output/samsung_superbig/output/image_vectors/75inchtv167.jpg.npy,2
output/samsung_superbig/output/image_vectors/75inchtv64.jpg.npy,1
output/samsung_superbig/output/image_vectors/85inchtv77.jpg.npy,17
output/samsung_superbig/output/image_vectors/massivetv23.jpg.npy,5
output/samsung_superbig/output/image_vectors/gianttv62.jpg.npy,7
output/samsung_superbig/output/image_vectors/75inchtv52.jpg.npy,0
output/samsung_superbig/output/image_vectors/gianttv154.jpg.npy,2
output/samsung_superbig/output/image_vectors/75inchtv27.jpg.npy,2
output/samsung_superbig/output/image_vectors/gianttv93.jpg.npy,12
output/samsung_superbig/output/image_vectors/75inchtv97.jpg.npy,2
output/samsung_superbig/output/image_vectors/massivetv6.jpg.npy,1
output/samsung_superbig/output/image_vectors/massivetv70.jpg.npy,13
output/samsung_superbig/output/image_vectors/75inchtv213.jpg.npy,13
output/samsung_superbig/output/image_vectors/gianttv28.jpg.npy,3
output/samsung_superbig/output/image_vectors/massivetv111.jpg.npy,7
output/samsung_superbig/output/image_vectors/75inchtv123.jpg.npy,5
output/samsung_superbig/output/image_vectors/gianttv96.jpg.npy,7
output/samsung_superbig/output/image_vectors/75inchtv83.jpg.npy,13
output/samsung_superbig/output/image_vectors/gianttv50.jpg.npy,18
output/samsung_superbig/output/image_vectors/hugetv31.jpg.npy,6
output/samsung_superbig/output/image_vectors/75inchtv28.jpg.npy,10
output/samsung_superbig/output/image_vectors/75inchtv121.jpg.npy,13
output/samsung_superbig/output/image_vectors/hugetv181.jpg.npy,4
output/samsung_superbig/output/image_vectors/85inchtv18.jpg.npy,18
output/samsung_superbig/output/image_vectors/gianttv135.jpg.npy,2
output/samsung_superbig/output/image_vectors/75inchtv229.jpg.npy,17
output/samsung_superbig/output/image_vectors/75inchtv144.jpg.npy,12
output/samsung_superbig/output/image_vectors/massivetv123.jpg.npy,6
output/samsung_superbig/output/image_vectors/gianttv177.jpg.npy,1
output/samsung_superbig/output/image_vectors/75inchtv238.jpg.npy,15
output/samsung_superbig/output/image_vectors/hugetv15.jpg.npy,2
output/samsung_superbig/output/image_vectors/massivetv64.jpg.npy,15
output/samsung_superbig/output/image_vectors/hugetv192.jpg.npy,12
output/samsung_superbig/output/image_vectors/massivetv36.jpg.npy,2
output/samsung_superbig/output/image_vectors/hugetv258.jpg.npy,9
output/samsung_superbig/output/image_vectors/gianttv59.jpg.npy,9
output/samsung_superbig/output/image_vectors/gianttv168.jpg.npy,2
output/samsung_superbig/output/image_vectors/gianttv118.jpg.npy,14
output/samsung_superbig/output/image_vectors/gianttv127.jpg.npy,4
output/samsung_superbig/output/image_vectors/massivetv125.jpg.npy,7
output/samsung_superbig/output/image_vectors/75inchtv223.jpg.npy,13
output/samsung_superbig/output/image_vectors/75inchtv107.jpg.npy,13
output/samsung_superbig/output/image_vectors/75inchtv204.jpg.npy,6
output/samsung_superbig/output/image_vectors/gianttv169.jpg.npy,2
output/samsung_superbig/output/image_vectors/gianttv150.jpg.npy,1
output/samsung_superbig/output/image_vectors/gianttv159.jpg.npy,7
output/samsung_superbig/output/image_vectors/gianttv58.jpg.npy,14
output/samsung_superbig/output/image_vectors/gianttv13.jpg.npy,14
output/samsung_superbig/output/image_vectors/massivetv216.jpg.npy,18
output/samsung_superbig/output/image_vectors/gianttv32.jpg.npy,12
output/samsung_superbig/output/image_vectors/gianttv10.jpg.npy,17
output/samsung_superbig/output/image_vectors/hugetv224.jpg.npy,2
output/samsung_superbig/output/image_vectors/gianttv113.jpg.npy,14
output/samsung_superbig/output/image_vectors/massivetv246.jpg.npy,2
output/samsung_superbig/output/image_vectors/75inchtv193.jpg.npy,16
output/samsung_superbig/output/image_vectors/massivetv195.jpg.npy,7
output/samsung_superbig/output/image_vectors/massivetv50.jpg.npy,8
output/samsung_superbig/output/image_vectors/75inchtv93.jpg.npy,18
output/samsung_superbig/output/image_vectors/gianttv100.jpg.npy,4
output/samsung_superbig/output/image_vectors/gianttv148.jpg.npy,3
output/samsung_superbig/output/image_vectors/75inchtv147.jpg.npy,4
output/samsung_superbig/output/image_vectors/75inchtv128.jpg.npy,3
output/samsung_superbig/output/image_vectors/gianttv63.jpg.npy,8
output/samsung_superbig/output/image_vectors/massivetv211.jpg.npy,9
output/samsung_superbig/output/image_vectors/gianttv227.jpg.npy,5
output/samsung_superbig/output/image_vectors/85inchtv73.jpg.npy,15
output/samsung_superbig/output/image_vectors/massivetv198.jpg.npy,7
output/samsung_superbig/output/image_vectors/massivetv170.jpg.npy,7
output/samsung_superbig/output/image_vectors/massivetv205.jpg.npy,10
output/samsung_superbig/output/image_vectors/75inchtv33.jpg.npy,17
output/samsung_superbig/output/image_vectors/hugetv148.jpg.npy,4
output/samsung_superbig/output/image_vectors/hugetv46.jpg.npy,4
output/samsung_superbig/output/image_vectors/massivetv120.jpg.npy,2
output/samsung_superbig/output/image_vectors/hugetv112.jpg.npy,18
output/samsung_superbig/output/image_vectors/hugetv183.jpg.npy,4
output/samsung_superbig/output/image_vectors/massivetv14.jpg.npy,17
output/samsung_superbig/output/image_vectors/75inchtv76.jpg.npy,5
output/samsung_superbig/output/image_vectors/gianttv126.jpg.npy,15
output/samsung_superbig/output/image_vectors/75inchtv196.jpg.npy,4
output/samsung_superbig/output/image_vectors/massivetv257.jpg.npy,13
output/samsung_superbig/output/image_vectors/gianttv128.jpg.npy,5
output/samsung_superbig/output/image_vectors/hugetv218.jpg.npy,7
output/samsung_superbig/output/image_vectors/gianttv90.jpg.npy,9
output/samsung_superbig/output/image_vectors/75inchtv39.jpg.npy,4
output/samsung_superbig/output/image_vectors/massivetv114.jpg.npy,1
output/samsung_superbig/output/image_vectors/gianttv95.jpg.npy,7
output/samsung_superbig/output/image_vectors/85inchtv14.jpg.npy,12
output/samsung_superbig/output/image_vectors/gianttv229.jpg.npy,13
output/samsung_superbig/output/image_vectors/85inchtv43.jpg.npy,18
output/samsung_superbig/output/image_vectors/gianttv179.jpg.npy,15
output/samsung_superbig/output/image_vectors/gianttv191.jpg.npy,1
output/samsung_superbig/output/image_vectors/gianttv215.jpg.npy,9
output/samsung_superbig/output/image_vectors/gianttv21.jpg.npy,6
output/samsung_superbig/output/image_vectors/massivetv56.jpg.npy,13
output/samsung_superbig/output/image_vectors/hugetv151.jpg.npy,15
output/samsung_superbig/output/image_vectors/massivetv155.jpg.npy,18
output/samsung_superbig/output/image_vectors/hugetv209.jpg.npy,9
output/samsung_superbig/output/image_vectors/75inchtv217.jpg.npy,5
output/samsung_superbig/output/image_vectors/hugetv113.jpg.npy,7
output/samsung_superbig/output/image_vectors/85inchtv17.jpg.npy,18
output/samsung_superbig/output/image_vectors/75inchtv34.jpg.npy,2
output/samsung_superbig/output/image_vectors/75inchtv143.jpg.npy,2
output/samsung_superbig/output/image_vectors/85inchtv13.jpg.npy,3
output/samsung_superbig/output/image_vectors/massivetv3.jpg.npy,14
output/samsung_superbig/output/image_vectors/hugetv30.jpg.npy,2
output/samsung_superbig/output/image_vectors/massivetv90.jpg.npy,5
output/samsung_superbig/output/image_vectors/hugetv171.jpg.npy,13
output/samsung_superbig/output/image_vectors/massivetv46.jpg.npy,15
output/samsung_superbig/output/image_vectors/massivetv247.jpg.npy,14
output/samsung_superbig/output/image_vectors/gianttv189.jpg.npy,15
output/samsung_superbig/output/image_vectors/75inchtv153.jpg.npy,6
output/samsung_superbig/output/image_vectors/gianttv107.jpg.npy,11
output/samsung_superbig/output/image_vectors/gianttv139.jpg.npy,3
output/samsung_superbig/output/image_vectors/75inchtv25.jpg.npy,14
output/samsung_superbig/output/image_vectors/gianttv173.jpg.npy,6
output/samsung_superbig/output/image_vectors/75inchtv102.jpg.npy,5
output/samsung_superbig/output/image_vectors/hugetv206.jpg.npy,17
output/samsung_superbig/output/image_vectors/hugetv53.jpg.npy,7
output/samsung_superbig/output/image_vectors/75inchtv236.jpg.npy,13
output/samsung_superbig/output/image_vectors/75inchtv176.jpg.npy,13
output/samsung_superbig/output/image_vectors/gianttv174.jpg.npy,1
output/samsung_superbig/output/image_vectors/85inchtv61.jpg.npy,4
output/samsung_superbig/output/image_vectors/75inchtv99.jpg.npy,12
output/samsung_superbig/output/image_vectors/hugetv74.jpg.npy,5
output/samsung_superbig/output/image_vectors/75inchtv112.jpg.npy,8
output/samsung_superbig/output/image_vectors/75inchtv198.jpg.npy,1
output/samsung_superbig/output/image_vectors/75inchtv8.jpg.npy,2
output/samsung_superbig/output/image_vectors/75inchtv48.jpg.npy,12
output/samsung_superbig/output/image_vectors/massivetv253.jpg.npy,18
output/samsung_superbig/output/image_vectors/gianttv140.jpg.npy,13
output/samsung_superbig/output/image_vectors/75inchtv44.jpg.npy,4
output/samsung_superbig/output/image_vectors/massivetv4.jpg.npy,4
output/samsung_superbig/output/image_vectors/hugetv185.jpg.npy,9
output/samsung_superbig/output/image_vectors/massivetv112.jpg.npy,15
output/samsung_superbig/output/image_vectors/gianttv38.jpg.npy,12
output/samsung_superbig/output/image_vectors/gianttv203.jpg.npy,14
output/samsung_superbig/output/image_vectors/massivetv8.jpg.npy,7
output/samsung_superbig/output/image_vectors/gianttv194.jpg.npy,14
output/samsung_superbig/output/image_vectors/massivetv254.jpg.npy,9
output/samsung_superbig/output/image_vectors/hugetv227.jpg.npy,18
output/samsung_superbig/output/image_vectors/hugetv152.jpg.npy,5
output/samsung_superbig/output/image_vectors/hugetv140.jpg.npy,5
output/samsung_superbig/output/image_vectors/75inchtv248.jpg.npy,8
output/samsung_superbig/output/image_vectors/massivetv124.jpg.npy,8
output/samsung_superbig/output/image_vectors/hugetv19.jpg.npy,16
output/samsung_superbig/output/image_vectors/85inchtv65.jpg.npy,14
output/samsung_superbig/output/image_vectors/75inchtv212.jpg.npy,4
output/samsung_superbig/output/image_vectors/hugetv242.jpg.npy,13
output/samsung_superbig/output/image_vectors/gianttv149.jpg.npy,3
output/samsung_superbig/output/image_vectors/75inchtv124.jpg.npy,8
output/samsung_superbig/output/image_vectors/massivetv31.jpg.npy,18
output/samsung_superbig/output/image_vectors/gianttv124.jpg.npy,2
output/samsung_superbig/output/image_vectors/75inchtv19.jpg.npy,13
output/samsung_superbig/output/image_vectors/gianttv137.jpg.npy,1
output/samsung_superbig/output/image_vectors/gianttv171.jpg.npy,12
output/samsung_superbig/output/image_vectors/gianttv121.jpg.npy,5
output/samsung_superbig/output/image_vectors/gianttv233.jpg.npy,17
output/samsung_superbig/output/image_vectors/massivetv45.jpg.npy,1
output/samsung_superbig/output/image_vectors/gianttv19.jpg.npy,16
output/samsung_superbig/output/image_vectors/massivetv122.jpg.npy,7
output/samsung_superbig/output/image_vectors/gianttv111.jpg.npy,1
output/samsung_superbig/output/image_vectors/75inchtv78.jpg.npy,14
output/samsung_superbig/output/image_vectors/75inchtv103.jpg.npy,18
output/samsung_superbig/output/image_vectors/75inchtv12.jpg.npy,2
output/samsung_superbig/output/image_vectors/gianttv73.jpg.npy,14
output/samsung_superbig/output/image_vectors/hugetv141.jpg.npy,6
output/samsung_superbig/output/image_vectors/hugetv156.jpg.npy,1
output/samsung_superbig/output/image_vectors/hugetv41.jpg.npy,2
output/samsung_superbig/output/image_vectors/massivetv153.jpg.npy,14
output/samsung_superbig/output/image_vectors/hugetv49.jpg.npy,9
output/samsung_superbig/output/image_vectors/hugetv51.jpg.npy,1
output/samsung_superbig/output/image_vectors/massivetv37.jpg.npy,12
output/samsung_superbig/output/image_vectors/massivetv41.jpg.npy,4
output/samsung_superbig/output/image_vectors/massivetv73.jpg.npy,7
output/samsung_superbig/output/image_vectors/hugetv229.jpg.npy,5
output/samsung_superbig/output/image_vectors/75inchtv141.jpg.npy,7
output/samsung_superbig/output/image_vectors/85inchtv72.jpg.npy,3
output/samsung_superbig/output/image_vectors/hugetv58.jpg.npy,1
output/samsung_superbig/output/image_vectors/75inchtv178.jpg.npy,7
output/samsung_superbig/output/image_vectors/75inchtv174.jpg.npy,4
output/samsung_superbig/output/image_vectors/hugetv133.jpg.npy,18
output/samsung_superbig/output/image_vectors/gianttv131.jpg.npy,12
output/samsung_superbig/output/image_vectors/hugetv145.jpg.npy,5
output/samsung_superbig/output/image_vectors/gianttv152.jpg.npy,2
output/samsung_superbig/output/image_vectors/massivetv97.jpg.npy,12
output/samsung_superbig/output/image_vectors/hugetv184.jpg.npy,8
output/samsung_superbig/output/image_vectors/hugetv135.jpg.npy,1
output/samsung_superbig/output/image_vectors/hugetv38.jpg.npy,7
output/samsung_superbig/output/image_vectors/85inchtv3.jpg.npy,13
output/samsung_superbig/output/image_vectors/75inchtv133.jpg.npy,4
output/samsung_superbig/output/image_vectors/massivetv83.jpg.npy,6
output/samsung_superbig/output/image_vectors/75inchtv247.jpg.npy,8
output/samsung_superbig/output/image_vectors/massivetv251.jpg.npy,18
output/samsung_superbig/output/image_vectors/hugetv75.jpg.npy,13
output/samsung_superbig/output/image_vectors/gianttv112.jpg.npy,13
output/samsung_superbig/output/image_vectors/massivetv202.jpg.npy,13
output/samsung_superbig/output/image_vectors/gianttv141.jpg.npy,7
output/samsung_superbig/output/image_vectors/hugetv189.jpg.npy,6
output/samsung_superbig/output/image_vectors/85inchtv31.jpg.npy,4
output/samsung_superbig/output/image_vectors/massivetv88.jpg.npy,15
output/samsung_superbig/output/image_vectors/85inchtv4.jpg.npy,4
output/samsung_superbig/output/image_vectors/75inchtv58.jpg.npy,1
output/samsung_superbig/output/image_vectors/hugetv90.jpg.npy,14
output/samsung_superbig/output/image_vectors/75inchtv75.jpg.npy,13
output/samsung_superbig/output/image_vectors/75inchtv71.jpg.npy,7
output/samsung_superbig/output/image_vectors/85inchtv70.jpg.npy,2
output/samsung_superbig/output/image_vectors/massivetv12.jpg.npy,5
output/samsung_superbig/output/image_vectors/75inchtv115.jpg.npy,12
output/samsung_superbig/output/image_vectors/75inchtv50.jpg.npy,12
output/samsung_superbig/output/image_vectors/hugetv228.jpg.npy,17
output/samsung_superbig/output/image_vectors/gianttv200.jpg.npy,3
output/samsung_superbig/output/image_vectors/massivetv229.jpg.npy,13
output/samsung_superbig/output/image_vectors/85inchtv2.jpg.npy,6
output/samsung_superbig/output/image_vectors/85inchtv79.jpg.npy,5
output/samsung_superbig/output/image_vectors/massivetv139.jpg.npy,1
output/samsung_superbig/output/image_vectors/hugetv22.jpg.npy,18
output/samsung_superbig/output/image_vectors/gianttv207.jpg.npy,12
output/samsung_superbig/output/image_vectors/massivetv185.jpg.npy,17
output/samsung_superbig/output/image_vectors/75inchtv22.jpg.npy,1
output/samsung_superbig/output/image_vectors/massivetv21.jpg.npy,6
output/samsung_superbig/output/image_vectors/massivetv67.jpg.npy,17
output/samsung_superbig/output/image_vectors/gianttv116.jpg.npy,3
output/samsung_superbig/output/image_vectors/hugetv81.jpg.npy,15
output/samsung_superbig/output/image_vectors/hugetv118.jpg.npy,8
output/samsung_superbig/output/image_vectors/85inchtv50.jpg.npy,18
output/samsung_superbig/output/image_vectors/hugetv13.jpg.npy,6
output/samsung_superbig/output/image_vectors/75inchtv245.jpg.npy,10
output/samsung_superbig/output/image_vectors/massivetv80.jpg.npy,6
output/samsung_superbig/output/image_vectors/gianttv3.jpg.npy,13
output/samsung_superbig/output/image_vectors/massivetv131.jpg.npy,0
output/samsung_superbig/output/image_vectors/75inchtv5.jpg.npy,6
output/samsung_superbig/output/image_vectors/hugetv194.jpg.npy,4
output/samsung_superbig/output/image_vectors/gianttv210.jpg.npy,6
output/samsung_superbig/output/image_vectors/hugetv202.jpg.npy,5
output/samsung_superbig/output/image_vectors/massivetv77.jpg.npy,1
output/samsung_superbig/output/image_vectors/gianttv117.jpg.npy,6
output/samsung_superbig/output/image_vectors/massivetv87.jpg.npy,19
output/samsung_superbig/output/image_vectors/75inchtv156.jpg.npy,18
output/samsung_superbig/output/image_vectors/massivetv194.jpg.npy,2
output/samsung_superbig/output/image_vectors/75inchtv244.jpg.npy,10
output/samsung_superbig/output/image_vectors/massivetv91.jpg.npy,18
output/samsung_superbig/output/image_vectors/gianttv238.jpg.npy,6
output/samsung_superbig/output/image_vectors/gianttv55.jpg.npy,15
output/samsung_superbig/output/image_vectors/75inchtv127.jpg.npy,2
output/samsung_superbig/output/image_vectors/gianttv52.jpg.npy,4
output/samsung_superbig/output/image_vectors/gianttv69.jpg.npy,1
output/samsung_superbig/output/image_vectors/gianttv241.jpg.npy,15
output/samsung_superbig/output/image_vectors/massivetv175.jpg.npy,6
output/samsung_superbig/output/image_vectors/75inchtv3.jpg.npy,8
output/samsung_superbig/output/image_vectors/75inchtv7.jpg.npy,6
output/samsung_superbig/output/image_vectors/75inchtv208.jpg.npy,5
output/samsung_superbig/output/image_vectors/massivetv102.jpg.npy,12
output/samsung_superbig/output/image_vectors/hugetv246.jpg.npy,5
output/samsung_superbig/output/image_vectors/gianttv253.jpg.npy,15
output/samsung_superbig/output/image_vectors/75inchtv94.jpg.npy,8
output/samsung_superbig/output/image_vectors/75inchtv37.jpg.npy,4
output/samsung_superbig/output/image_vectors/gianttv182.jpg.npy,1
output/samsung_superbig/output/image_vectors/gianttv237.jpg.npy,18
output/samsung_superbig/output/image_vectors/85inchtv6.jpg.npy,7
output/samsung_superbig/output/image_vectors/gianttv36.jpg.npy,12
output/samsung_superbig/output/image_vectors/75inchtv226.jpg.npy,18
output/samsung_superbig/output/image_vectors/massivetv145.jpg.npy,10
output/samsung_superbig/output/image_vectors/hugetv155.jpg.npy,7
output/samsung_superbig/output/image_vectors/75inchtv11.jpg.npy,2
output/samsung_superbig/output/image_vectors/hugetv26.jpg.npy,7
output/samsung_superbig/output/image_vectors/85inchtv56.jpg.npy,4
output/samsung_superbig/output/image_vectors/massivetv0.jpg.npy,13
output/samsung_superbig/output/image_vectors/massivetv28.jpg.npy,8
output/samsung_superbig/output/image_vectors/gianttv89.jpg.npy,12
output/samsung_superbig/output/image_vectors/gianttv66.jpg.npy,1
output/samsung_superbig/output/image_vectors/massivetv16.jpg.npy,6
output/samsung_superbig/output/image_vectors/gianttv71.jpg.npy,1
output/samsung_superbig/output/image_vectors/hugetv4.jpg.npy,1
output/samsung_superbig/output/image_vectors/massivetv113.jpg.npy,16
output/samsung_superbig/output/image_vectors/hugetv47.jpg.npy,6
output/samsung_superbig/output/image_vectors/massivetv110.jpg.npy,13
output/samsung_superbig/output/image_vectors/hugetv167.jpg.npy,14
output/samsung_superbig/output/image_vectors/75inchtv134.jpg.npy,2
output/samsung_superbig/output/image_vectors/gianttv178.jpg.npy,3
output/samsung_superbig/output/image_vectors/hugetv62.jpg.npy,15
output/samsung_superbig/output/image_vectors/hugetv122.jpg.npy,7
output/samsung_superbig/output/image_vectors/75inchtv67.jpg.npy,2
output/samsung_superbig/output/image_vectors/massivetv42.jpg.npy,8
output/samsung_superbig/output/image_vectors/hugetv45.jpg.npy,3
output/samsung_superbig/output/image_vectors/gianttv206.jpg.npy,17
output/samsung_superbig/output/image_vectors/massivetv66.jpg.npy,14
output/samsung_superbig/output/image_vectors/gianttv109.jpg.npy,2
output/samsung_superbig/output/image_vectors/85inchtv7.jpg.npy,6
output/samsung_superbig/output/image_vectors/massivetv151.jpg.npy,5
output/samsung_superbig/output/image_vectors/massivetv189.jpg.npy,2
output/samsung_superbig/output/image_vectors/hugetv213.jpg.npy,12
output/samsung_superbig/output/image_vectors/75inchtv154.jpg.npy,12
output/samsung_superbig/output/image_vectors/massivetv218.jpg.npy,13
output/samsung_superbig/output/image_vectors/gianttv175.jpg.npy,2
